"entity","code","year","nitrogen_kg_ha","region_label"
"Africa (FAO)","",1961,2.08,"Africa"
"Africa (FAO)","",1962,2.22,"Africa"
"Africa (FAO)","",1963,2.56,"Africa"
"Africa (FAO)","",1964,2.92,"Africa"
"Africa (FAO)","",1965,3.17,"Africa"
"Africa (FAO)","",1966,3.06,"Africa"
"Africa (FAO)","",1967,3.35,"Africa"
"Africa (FAO)","",1968,3.73,"Africa"
"Africa (FAO)","",1969,4.01,"Africa"
"Africa (FAO)","",1970,4.55,"Africa"
"Africa (FAO)","",1971,5.15,"Africa"
"Africa (FAO)","",1972,5.65,"Africa"
"Africa (FAO)","",1973,5.63,"Africa"
"Africa (FAO)","",1974,5.72,"Africa"
"Africa (FAO)","",1975,6.46,"Africa"
"Africa (FAO)","",1976,6.75,"Africa"
"Africa (FAO)","",1977,6.84,"Africa"
"Africa (FAO)","",1978,7.09,"Africa"
"Africa (FAO)","",1979,7.63,"Africa"
"Africa (FAO)","",1980,9.01,"Africa"
"Africa (FAO)","",1981,9.54,"Africa"
"Africa (FAO)","",1982,9.42,"Africa"
"Africa (FAO)","",1983,8.7,"Africa"
"Africa (FAO)","",1984,9.08,"Africa"
"Africa (FAO)","",1985,9.42,"Africa"
"Africa (FAO)","",1986,10.08,"Africa"
"Africa (FAO)","",1987,9.59,"Africa"
"Africa (FAO)","",1988,10.26,"Africa"
"Africa (FAO)","",1989,9.83,"Africa"
"Africa (FAO)","",1990,10.05,"Africa"
"Africa (FAO)","",1991,9.75,"Africa"
"Africa (FAO)","",1992,9.48,"Africa"
"Africa (FAO)","",1993,10.39,"Africa"
"Africa (FAO)","",1994,8.98,"Africa"
"Africa (FAO)","",1995,9.28,"Africa"
"Africa (FAO)","",1996,10.04,"Africa"
"Africa (FAO)","",1997,9.72,"Africa"
"Africa (FAO)","",1998,10.03,"Africa"
"Africa (FAO)","",1999,10.19,"Africa"
"Africa (FAO)","",2000,10.37,"Africa"
"Africa (FAO)","",2001,10.47,"Africa"
"Africa (FAO)","",2002,11.47,"Africa"
"Africa (FAO)","",2003,10.74,"Africa"
"Africa (FAO)","",2004,12.21,"Africa"
"Africa (FAO)","",2005,11.56,"Africa"
"Africa (FAO)","",2006,11.92,"Africa"
"Africa (FAO)","",2007,10.68,"Africa"
"Africa (FAO)","",2008,10.86,"Africa"
"Africa (FAO)","",2009,10.8,"Africa"
"Africa (FAO)","",2010,12.08,"Africa"
"Africa (FAO)","",2011,11.48,"Africa"
"Africa (FAO)","",2012,11.13,"Africa"
"Africa (FAO)","",2013,11.66,"Africa"
"Africa (FAO)","",2014,11.88,"Africa"
"Africa (FAO)","",2015,11.78,"Africa"
"Africa (FAO)","",2016,12.98,"Africa"
"Africa (FAO)","",2017,14.84,"Africa"
"Africa (FAO)","",2018,14.03,"Africa"
"Africa (FAO)","",2019,14.12,"Africa"
"Africa (FAO)","",2020,16.49,"Africa"
"Africa (FAO)","",2021,15.05,"Africa"
"Africa (FAO)","",2022,13.26,"Africa"
"Africa (FAO)","",2023,14.37,"Africa"
"Eastern Asia (FAO)","",1961,11.64,"Eastern Asia"
"Eastern Asia (FAO)","",1962,14.15,"Eastern Asia"
"Eastern Asia (FAO)","",1963,15.8,"Eastern Asia"
"Eastern Asia (FAO)","",1964,17.83,"Eastern Asia"
"Eastern Asia (FAO)","",1965,23.32,"Eastern Asia"
"Eastern Asia (FAO)","",1966,31.42,"Eastern Asia"
"Eastern Asia (FAO)","",1967,25.98,"Eastern Asia"
"Eastern Asia (FAO)","",1968,27.81,"Eastern Asia"
"Eastern Asia (FAO)","",1969,32.47,"Eastern Asia"
"Eastern Asia (FAO)","",1970,39.46,"Eastern Asia"
"Eastern Asia (FAO)","",1971,39.55,"Eastern Asia"
"Eastern Asia (FAO)","",1972,44.76,"Eastern Asia"
"Eastern Asia (FAO)","",1973,51.33,"Eastern Asia"
"Eastern Asia (FAO)","",1974,45.18,"Eastern Asia"
"Eastern Asia (FAO)","",1975,56.42,"Eastern Asia"
"Eastern Asia (FAO)","",1976,54.41,"Eastern Asia"
"Eastern Asia (FAO)","",1977,76.02,"Eastern Asia"
"Eastern Asia (FAO)","",1978,97.42,"Eastern Asia"
"Eastern Asia (FAO)","",1979,109.98,"Eastern Asia"
"Eastern Asia (FAO)","",1980,122.09,"Eastern Asia"
"Eastern Asia (FAO)","",1981,116.35,"Eastern Asia"
"Eastern Asia (FAO)","",1982,116.96,"Eastern Asia"
"Eastern Asia (FAO)","",1983,123.93,"Eastern Asia"
"Eastern Asia (FAO)","",1984,128.81,"Eastern Asia"
"Eastern Asia (FAO)","",1985,112.55,"Eastern Asia"
"Eastern Asia (FAO)","",1986,109.51,"Eastern Asia"
"Eastern Asia (FAO)","",1987,132.06,"Eastern Asia"
"Eastern Asia (FAO)","",1988,143.41,"Eastern Asia"
"Eastern Asia (FAO)","",1989,144.73,"Eastern Asia"
"Eastern Asia (FAO)","",1990,147.99,"Eastern Asia"
"Eastern Asia (FAO)","",1991,149.4,"Eastern Asia"
"Eastern Asia (FAO)","",1992,153.77,"Eastern Asia"
"Eastern Asia (FAO)","",1993,138.12,"Eastern Asia"
"Eastern Asia (FAO)","",1994,143.76,"Eastern Asia"
"Eastern Asia (FAO)","",1995,174.67,"Eastern Asia"
"Eastern Asia (FAO)","",1996,185.06,"Eastern Asia"
"Eastern Asia (FAO)","",1997,169.68,"Eastern Asia"
"Eastern Asia (FAO)","",1998,168.51,"Eastern Asia"
"Eastern Asia (FAO)","",1999,177.66,"Eastern Asia"
"Eastern Asia (FAO)","",2000,163.55,"Eastern Asia"
"Eastern Asia (FAO)","",2001,164.8,"Eastern Asia"
"Eastern Asia (FAO)","",2002,183.11,"Eastern Asia"
"Eastern Asia (FAO)","",2003,183.3,"Eastern Asia"
"Eastern Asia (FAO)","",2004,190.31,"Eastern Asia"
"Eastern Asia (FAO)","",2005,192.33,"Eastern Asia"
"Eastern Asia (FAO)","",2006,195.16,"Eastern Asia"
"Eastern Asia (FAO)","",2007,199.65,"Eastern Asia"
"Eastern Asia (FAO)","",2008,200.43,"Eastern Asia"
"Eastern Asia (FAO)","",2009,203.26,"Eastern Asia"
"Eastern Asia (FAO)","",2010,208.72,"Eastern Asia"
"Eastern Asia (FAO)","",2011,214.14,"Eastern Asia"
"Eastern Asia (FAO)","",2012,218.52,"Eastern Asia"
"Eastern Asia (FAO)","",2013,220.79,"Eastern Asia"
"Eastern Asia (FAO)","",2014,223.17,"Eastern Asia"
"Eastern Asia (FAO)","",2015,222.65,"Eastern Asia"
"Eastern Asia (FAO)","",2016,221.51,"Eastern Asia"
"Eastern Asia (FAO)","",2017,216.73,"Eastern Asia"
"Eastern Asia (FAO)","",2018,208.3,"Eastern Asia"
"Eastern Asia (FAO)","",2019,198.41,"Eastern Asia"
"Eastern Asia (FAO)","",2020,191.58,"Eastern Asia"
"Eastern Asia (FAO)","",2021,186.9,"Eastern Asia"
"Eastern Asia (FAO)","",2022,182.25,"Eastern Asia"
"Eastern Asia (FAO)","",2023,182.99,"Eastern Asia"
"Europe (FAO)","",1961,12.61,"Europe"
"Europe (FAO)","",1962,13.71,"Europe"
"Europe (FAO)","",1963,15.44,"Europe"
"Europe (FAO)","",1964,17.78,"Europe"
"Europe (FAO)","",1965,20.62,"Europe"
"Europe (FAO)","",1966,23.37,"Europe"
"Europe (FAO)","",1967,26.29,"Europe"
"Europe (FAO)","",1968,29.24,"Europe"
"Europe (FAO)","",1969,31.13,"Europe"
"Europe (FAO)","",1970,34.68,"Europe"
"Europe (FAO)","",1971,37.9,"Europe"
"Europe (FAO)","",1972,40.08,"Europe"
"Europe (FAO)","",1973,43.22,"Europe"
"Europe (FAO)","",1974,44.47,"Europe"
"Europe (FAO)","",1975,48.56,"Europe"
"Europe (FAO)","",1976,48.98,"Europe"
"Europe (FAO)","",1977,50.61,"Europe"
"Europe (FAO)","",1978,53.59,"Europe"
"Europe (FAO)","",1979,54.59,"Europe"
"Europe (FAO)","",1980,56.05,"Europe"
"Europe (FAO)","",1981,56.76,"Europe"
"Europe (FAO)","",1982,59.51,"Europe"
"Europe (FAO)","",1983,63.61,"Europe"
"Europe (FAO)","",1984,64.08,"Europe"
"Europe (FAO)","",1985,66.49,"Europe"
"Europe (FAO)","",1986,68.12,"Europe"
"Europe (FAO)","",1987,68.64,"Europe"
"Europe (FAO)","",1988,69.12,"Europe"
"Europe (FAO)","",1989,64.22,"Europe"
"Europe (FAO)","",1990,56.89,"Europe"
"Europe (FAO)","",1991,50.31,"Europe"
"Europe (FAO)","",1992,44.45,"Europe"
"Europe (FAO)","",1993,41.73,"Europe"
"Europe (FAO)","",1994,39.16,"Europe"
"Europe (FAO)","",1995,38.88,"Europe"
"Europe (FAO)","",1996,40.78,"Europe"
"Europe (FAO)","",1997,39.93,"Europe"
"Europe (FAO)","",1998,39.79,"Europe"
"Europe (FAO)","",1999,40.23,"Europe"
"Europe (FAO)","",2000,38.46,"Europe"
"Europe (FAO)","",2001,39.86,"Europe"
"Europe (FAO)","",2002,39.21,"Europe"
"Europe (FAO)","",2003,40.45,"Europe"
"Europe (FAO)","",2004,40.23,"Europe"
"Europe (FAO)","",2005,39.25,"Europe"
"Europe (FAO)","",2006,39.76,"Europe"
"Europe (FAO)","",2007,43.16,"Europe"
"Europe (FAO)","",2008,41.33,"Europe"
"Europe (FAO)","",2009,39.43,"Europe"
"Europe (FAO)","",2010,41.75,"Europe"
"Europe (FAO)","",2011,42.57,"Europe"
"Europe (FAO)","",2012,43.05,"Europe"
"Europe (FAO)","",2013,44.51,"Europe"
"Europe (FAO)","",2014,44.75,"Europe"
"Europe (FAO)","",2015,45.58,"Europe"
"Europe (FAO)","",2016,46.71,"Europe"
"Europe (FAO)","",2017,48.24,"Europe"
"Europe (FAO)","",2018,46.53,"Europe"
"Europe (FAO)","",2019,46.93,"Europe"
"Europe (FAO)","",2020,49.2,"Europe"
"Europe (FAO)","",2021,48.56,"Europe"
"Europe (FAO)","",2022,43.98,"Europe"
"Europe (FAO)","",2023,43.37,"Europe"
"Northern America (FAO)","",1961,11.19,"Northern America"
"Northern America (FAO)","",1962,13.09,"Northern America"
"Northern America (FAO)","",1963,14.59,"Northern America"
"Northern America (FAO)","",1964,15.87,"Northern America"
"Northern America (FAO)","",1965,17.97,"Northern America"
"Northern America (FAO)","",1966,20.64,"Northern America"
"Northern America (FAO)","",1967,23.44,"Northern America"
"Northern America (FAO)","",1968,23.62,"Northern America"
"Northern America (FAO)","",1969,24.12,"Northern America"
"Northern America (FAO)","",1970,26.21,"Northern America"
"Northern America (FAO)","",1971,26.97,"Northern America"
"Northern America (FAO)","",1972,27.73,"Northern America"
"Northern America (FAO)","",1973,30.31,"Northern America"
"Northern America (FAO)","",1974,30.16,"Northern America"
"Northern America (FAO)","",1975,33.56,"Northern America"
"Northern America (FAO)","",1976,36.09,"Northern America"
"Northern America (FAO)","",1977,35.42,"Northern America"
"Northern America (FAO)","",1978,36.21,"Northern America"
"Northern America (FAO)","",1979,38.4,"Northern America"
"Northern America (FAO)","",1980,40.58,"Northern America"
"Northern America (FAO)","",1981,39.2,"Northern America"
"Northern America (FAO)","",1982,34.82,"Northern America"
"Northern America (FAO)","",1983,37.72,"Northern America"
"Northern America (FAO)","",1984,40.89,"Northern America"
"Northern America (FAO)","",1985,38.59,"Northern America"
"Northern America (FAO)","",1986,36.68,"Northern America"
"Northern America (FAO)","",1987,37.58,"Northern America"
"Northern America (FAO)","",1988,37.99,"Northern America"
"Northern America (FAO)","",1989,39.25,"Northern America"
"Northern America (FAO)","",1990,40.06,"Northern America"
"Northern America (FAO)","",1991,41,"Northern America"
"Northern America (FAO)","",1992,41.6,"Northern America"
"Northern America (FAO)","",1993,44.81,"Northern America"
"Northern America (FAO)","",1994,44.52,"Northern America"
"Northern America (FAO)","",1995,45.29,"Northern America"
"Northern America (FAO)","",1996,46.99,"Northern America"
"Northern America (FAO)","",1997,47.14,"Northern America"
"Northern America (FAO)","",1998,47.48,"Northern America"
"Northern America (FAO)","",1999,47.86,"Northern America"
"Northern America (FAO)","",2000,45.49,"Northern America"
"Northern America (FAO)","",2001,45.57,"Northern America"
"Northern America (FAO)","",2002,47.37,"Northern America"
"Northern America (FAO)","",2003,51.14,"Northern America"
"Northern America (FAO)","",2004,48.92,"Northern America"
"Northern America (FAO)","",2005,49.53,"Northern America"
"Northern America (FAO)","",2006,52.43,"Northern America"
"Northern America (FAO)","",2007,53.93,"Northern America"
"Northern America (FAO)","",2008,49.74,"Northern America"
"Northern America (FAO)","",2009,53,"Northern America"
"Northern America (FAO)","",2010,56.21,"Northern America"
"Northern America (FAO)","",2011,61.19,"Northern America"
"Northern America (FAO)","",2012,62.98,"Northern America"
"Northern America (FAO)","",2013,60.46,"Northern America"
"Northern America (FAO)","",2014,59.54,"Northern America"
"Northern America (FAO)","",2015,59.59,"Northern America"
"Northern America (FAO)","",2016,58.06,"Northern America"
"Northern America (FAO)","",2017,57.7,"Northern America"
"Northern America (FAO)","",2018,60.58,"Northern America"
"Northern America (FAO)","",2019,59.49,"Northern America"
"Northern America (FAO)","",2020,62.85,"Northern America"
"Northern America (FAO)","",2021,61.37,"Northern America"
"Northern America (FAO)","",2022,60.08,"Northern America"
"Northern America (FAO)","",2023,61.88,"Northern America"
"South America (FAO)","",1961,2.37,"South America"
"South America (FAO)","",1962,2.82,"South America"
"South America (FAO)","",1963,3.13,"South America"
"South America (FAO)","",1964,3.19,"South America"
"South America (FAO)","",1965,3.36,"South America"
"South America (FAO)","",1966,3.03,"South America"
"South America (FAO)","",1967,4.14,"South America"
"South America (FAO)","",1968,4.63,"South America"
"South America (FAO)","",1969,4.78,"South America"
"South America (FAO)","",1970,6.21,"South America"
"South America (FAO)","",1971,6.51,"South America"
"South America (FAO)","",1972,8.7,"South America"
"South America (FAO)","",1973,8,"South America"
"South America (FAO)","",1974,8.62,"South America"
"South America (FAO)","",1975,7.81,"South America"
"South America (FAO)","",1976,9.64,"South America"
"South America (FAO)","",1977,11.33,"South America"
"South America (FAO)","",1978,10.94,"South America"
"South America (FAO)","",1979,11.5,"South America"
"South America (FAO)","",1980,12.23,"South America"
"South America (FAO)","",1981,9.76,"South America"
"South America (FAO)","",1982,9.28,"South America"
"South America (FAO)","",1983,8.82,"South America"
"South America (FAO)","",1984,11.84,"South America"
"South America (FAO)","",1985,12.44,"South America"
"South America (FAO)","",1986,15.15,"South America"
"South America (FAO)","",1987,16.04,"South America"
"South America (FAO)","",1988,15.64,"South America"
"South America (FAO)","",1989,15.02,"South America"
"South America (FAO)","",1990,14.91,"South America"
"South America (FAO)","",1991,15,"South America"
"South America (FAO)","",1992,15.27,"South America"
"South America (FAO)","",1993,18,"South America"
"South America (FAO)","",1994,20.34,"South America"
"South America (FAO)","",1995,20.87,"South America"
"South America (FAO)","",1996,23.99,"South America"
"South America (FAO)","",1997,25.59,"South America"
"South America (FAO)","",1998,25.73,"South America"
"South America (FAO)","",1999,26.44,"South America"
"South America (FAO)","",2000,27.61,"South America"
"South America (FAO)","",2001,28.58,"South America"
"South America (FAO)","",2002,31.03,"South America"
"South America (FAO)","",2003,34.87,"South America"
"South America (FAO)","",2004,37.9,"South America"
"South America (FAO)","",2005,31.52,"South America"
"South America (FAO)","",2006,33.35,"South America"
"South America (FAO)","",2007,40.68,"South America"
"South America (FAO)","",2008,37.77,"South America"
"South America (FAO)","",2009,32.84,"South America"
"South America (FAO)","",2010,39.97,"South America"
"South America (FAO)","",2011,45.8,"South America"
"South America (FAO)","",2012,42.08,"South America"
"South America (FAO)","",2013,46.19,"South America"
"South America (FAO)","",2014,49.75,"South America"
"South America (FAO)","",2015,40.35,"South America"
"South America (FAO)","",2016,43.84,"South America"
"South America (FAO)","",2017,51.33,"South America"
"South America (FAO)","",2018,51.28,"South America"
"South America (FAO)","",2019,54.09,"South America"
"South America (FAO)","",2020,61.6,"South America"
"South America (FAO)","",2021,68.4,"South America"
"South America (FAO)","",2022,67.1,"South America"
"South America (FAO)","",2023,61.73,"South America"
"Southern Asia (FAO)","",1961,1.57,"Southern Asia"
"Southern Asia (FAO)","",1962,1.98,"Southern Asia"
"Southern Asia (FAO)","",1963,2.32,"Southern Asia"
"Southern Asia (FAO)","",1964,3.18,"Southern Asia"
"Southern Asia (FAO)","",1965,3.24,"Southern Asia"
"Southern Asia (FAO)","",1966,4.24,"Southern Asia"
"Southern Asia (FAO)","",1967,5.94,"Southern Asia"
"Southern Asia (FAO)","",1968,6.9,"Southern Asia"
"Southern Asia (FAO)","",1969,7.94,"Southern Asia"
"Southern Asia (FAO)","",1970,8.44,"Southern Asia"
"Southern Asia (FAO)","",1971,10.35,"Southern Asia"
"Southern Asia (FAO)","",1972,10.92,"Southern Asia"
"Southern Asia (FAO)","",1973,10.89,"Southern Asia"
"Southern Asia (FAO)","",1974,10.55,"Southern Asia"
"Southern Asia (FAO)","",1975,15.27,"Southern Asia"
"Southern Asia (FAO)","",1976,14.54,"Southern Asia"
"Southern Asia (FAO)","",1977,17.18,"Southern Asia"
"Southern Asia (FAO)","",1978,19.62,"Southern Asia"
"Southern Asia (FAO)","",1979,20.84,"Southern Asia"
"Southern Asia (FAO)","",1980,22.18,"Southern Asia"
"Southern Asia (FAO)","",1981,24.07,"Southern Asia"
"Southern Asia (FAO)","",1982,24.85,"Southern Asia"
"Southern Asia (FAO)","",1983,28.03,"Southern Asia"
"Southern Asia (FAO)","",1984,30.61,"Southern Asia"
"Southern Asia (FAO)","",1985,33.03,"Southern Asia"
"Southern Asia (FAO)","",1986,37.79,"Southern Asia"
"Southern Asia (FAO)","",1987,34.12,"Southern Asia"
"Southern Asia (FAO)","",1988,40.75,"Southern Asia"
"Southern Asia (FAO)","",1989,42.46,"Southern Asia"
"Southern Asia (FAO)","",1990,43.48,"Southern Asia"
"Southern Asia (FAO)","",1991,46,"Southern Asia"
"Southern Asia (FAO)","",1992,49.2,"Southern Asia"
"Southern Asia (FAO)","",1993,49.56,"Southern Asia"
"Southern Asia (FAO)","",1994,53.36,"Southern Asia"
"Southern Asia (FAO)","",1995,56.42,"Southern Asia"
"Southern Asia (FAO)","",1996,59.06,"Southern Asia"
"Southern Asia (FAO)","",1997,61.92,"Southern Asia"
"Southern Asia (FAO)","",1998,64.02,"Southern Asia"
"Southern Asia (FAO)","",1999,66.03,"Southern Asia"
"Southern Asia (FAO)","",2000,63.77,"Southern Asia"
"Southern Asia (FAO)","",2001,65.55,"Southern Asia"
"Southern Asia (FAO)","",2002,62.86,"Southern Asia"
"Southern Asia (FAO)","",2003,65.12,"Southern Asia"
"Southern Asia (FAO)","",2004,68.66,"Southern Asia"
"Southern Asia (FAO)","",2005,74.29,"Southern Asia"
"Southern Asia (FAO)","",2006,80.35,"Southern Asia"
"Southern Asia (FAO)","",2007,81.22,"Southern Asia"
"Southern Asia (FAO)","",2008,86.1,"Southern Asia"
"Southern Asia (FAO)","",2009,89.87,"Southern Asia"
"Southern Asia (FAO)","",2010,92.77,"Southern Asia"
"Southern Asia (FAO)","",2011,95.12,"Southern Asia"
"Southern Asia (FAO)","",2012,91.05,"Southern Asia"
"Southern Asia (FAO)","",2013,92.19,"Southern Asia"
"Southern Asia (FAO)","",2014,94.1,"Southern Asia"
"Southern Asia (FAO)","",2015,95.58,"Southern Asia"
"Southern Asia (FAO)","",2016,92.32,"Southern Asia"
"Southern Asia (FAO)","",2017,94.55,"Southern Asia"
"Southern Asia (FAO)","",2018,98,"Southern Asia"
"Southern Asia (FAO)","",2019,104.02,"Southern Asia"
"Southern Asia (FAO)","",2020,111.55,"Southern Asia"
"Southern Asia (FAO)","",2021,108.86,"Southern Asia"
"Southern Asia (FAO)","",2022,111.36,"Southern Asia"
"Southern Asia (FAO)","",2023,112.82,"Southern Asia"
